{
  "Pakistan_Provincial_Seats": {
    "Attock": ["PP-1", "PP-2", "PP-3", "PP-4", "PP-5"],
    "Badin": ["PS-40", "PS-41", "PS-42", "PS-43"],
    "Bahawalnagar": ["PP-235", "PP-236", "PP-237", "PP-238", "PP-239", "PP-240", "PP-241", "PP-242", "PP-243", "PP-244", "PP-245", "PP-246", "PP-247"],
    "Bahawalpur": ["PP-248", "PP-249", "PP-250", "PP-251", "PP-252", "PP-253", "PP-254", "PP-255", "PP-256", "PP-257", "PP-258", "PP-259", "PP-260", "PP-261"],
    "Bhakkar": ["PP-88", "PP-89", "PP-90", "PP-91", "PP-92", "PP-93"],
    "Chakwal": ["PP-20", "PP-21", "PP-22", "PP-23"],
    "Chiniot": ["PP-94", "PP-95", "PP-96", "PP-97"],
    "Dadu": ["PS-84", "PS-85", "PS-86", "PS-87"],
    "Dera Ghazi Khan": ["PP-289", "PP-290", "PP-291", "PP-292", "PP-293", "PP-294", "PP-295", "PP-296", "PP-297"],
    "Faisalabad": ["PP-98", "PP-99", "PP-100", "PP-101", "PP-102", "PP-103", "PP-104", "PP-105", "PP-106", "PP-107", "PP-108", "PP-109", "PP-110", "PP-111", "PP-112", "PP-113", "PP-114", "PP-115", "PP-116", "PP-117"],
    "Ghotki": ["PS-18", "PS-19", "PS-20", "PS-21"],
    "Gujranwala": ["PP-59", "PP-60", "PP-61", "PP-62", "PP-63", "PP-64", "PP-65", "PP-66", "PP-67", "PP-68"],
    "Gujrat": ["PP-27", "PP-28", "PP-29", "PP-30", "PP-31", "PP-32", "PP-33", "PP-34", "PP-35", "PP-36"],
    "Hafizabad": ["PP-37", "PP-38", "PP-39"],
    "Hyderabad": ["PS-60", "PS-61", "PS-62", "PS-63", "PS-64", "PS-65", "PS-66"],
    "Jacobabad": ["PS-1", "PS-2", "PS-3"],
    "Jamshoro": ["PS-73", "PS-74", "PS-75"],
    "Jhang": ["PP-121", "PP-122", "PP-123", "PP-124", "PP-125", "PP-126", "PP-127", "PP-128", "PP-129", "PP-130"],
    "Jhelum": ["PP-24", "PP-25", "PP-26"],
    "Kasur": ["PP-175", "PP-176", "PP-177", "PP-178", "PP-179", "PP-180", "PP-181", "PP-182", "PP-183", "PP-184"],
    "Kashmore": ["PS-4", "PS-5", "PS-6"],
    "Khairpur": ["PS-26", "PS-27", "PS-28", "PS-29", "PS-30", "PS-31", "PS-32"],
    "Khanewal": ["PP-205", "PP-206", "PP-207", "PP-208", "PP-209", "PP-210"],
    "Khushab": ["PP-71", "PP-72", "PP-73", "PP-74"],
    "Lahore": ["PP-131", "PP-132", "PP-133", "PP-134", "PP-135", "PP-136", "PP-137", "PP-138", "PP-139", "PP-140", "PP-141", "PP-142", "PP-143", "PP-144", "PP-145", "PP-146", "PP-147", "PP-148", "PP-149", "PP-150", "PP-151", "PP-152", "PP-153", "PP-154", "PP-155", "PP-156", "PP-157", "PP-158", "PP-159", "PP-160", "PP-161", "PP-162", "PP-163", "PP-164", "PP-165", "PP-166", "PP-167", "PP-168", "PP-169", "PP-170", "PP-171", "PP-172", "PP-173", "PP-174"],
    "Layyah": ["PP-280", "PP-281", "PP-282", "PP-283", "PP-284"],
    "Lodhran": ["PP-222", "PP-223", "PP-224"],
    "Mandi Bahauddin": ["PP-40", "PP-41", "PP-42", "PP-43", "PP-44"],
    "Mardan": ["PK-49", "PK-50", "PK-51", "PK-52", "PK-53", "PK-54", "PK-55"],
    "Mianwali": ["PP-75", "PP-76", "PP-77", "PP-78", "PP-79"],
    "Mirpurkhas": ["PS-48", "PS-49", "PS-50", "PS-51", "PS-52"],
    "Multan": ["PP-211", "PP-212", "PP-213", "PP-214", "PP-215", "PP-216", "PP-217", "PP-218", "PP-219", "PP-220", "PP-221"],
    "Muzaffargarh": ["PP-269", "PP-270", "PP-271", "PP-272", "PP-273", "PP-274", "PP-275", "PP-276", "PP-277", "PP-278", "PP-279"],
    "Nankana Sahib": ["PP-118", "PP-119", "PP-120"],
    "Narowal": ["PP-55", "PP-56", "PP-57", "PP-58"],
    "Okara": ["PP-185", "PP-186", "PP-187", "PP-188", "PP-189", "PP-190", "PP-191", "PP-192"],
    "Pakpattan": ["PP-193", "PP-194", "PP-195", "PP-196", "PP-197"],
    "Peshawar": ["PK-70", "PK-71", "PK-72", "PK-73", "PK-74", "PK-75", "PK-76", "PK-77", "PK-78", "PK-79", "PK-80"],
    "Rahim Yar Khan": ["PP-262", "PP-263", "PP-264", "PP-265", "PP-266", "PP-267", "PP-268"],
    "Rajanpur": ["PP-285", "PP-286", "PP-287", "PP-288"],
    "Rawalpindi": ["PP-6", "PP-7", "PP-8", "PP-9", "PP-10", "PP-11", "PP-12", "PP-13", "PP-14", "PP-15", "PP-16", "PP-17", "PP-18", "PP-19"],
    "Sahiwal": ["PP-198", "PP-199", "PP-200", "PP-201", "PP-202", "PP-203", "PP-204"],
    "Sanghar": ["PS-44", "PS-45", "PS-46", "PS-47"],
    "Sargodha": ["PP-80", "PP-81", "PP-82", "PP-83", "PP-84", "PP-85", "PP-86", "PP-87"],
    "Shaheed Benazirabad": ["PS-37", "PS-38", "PS-39"],
    "Sheikhupura": ["PP-125", "PP-126", "PP-127", "PP-128", "PP-129", "PP-130"],
    "Sialkot": ["PP-45", "PP-46", "PP-47", "PP-48", "PP-49", "PP-50", "PP-51", "PP-52", "PP-53", "PP-54"],
    "Swabi": ["PK-43", "PK-44", "PK-45", "PK-46", "PK-47", "PK-48"],
    "Swat": ["PK-4", "PK-5", "PK-6", "PK-7", "PK-8", "PK-9", "PK-10", "PK-11", "PK-12", "PK-13", "PK-14"],
    "Toba Tek Singh": ["PP-118", "PP-119", "PP-120"],
    "Tharparkar": ["PS-53", "PS-54", "PS-55", "PS-56"],
    "Umerkot": ["PS-57", "PS-58", "PS-59"],
    "Vehari": ["PP-225", "PP-226", "PP-227", "PP-228", "PP-229", "PP-230", "PP-231", "PP-232", "PP-233", "PP-234"],
    "Zhob": ["PB-2", "PB-3", "PB-4"],
    "Kalat": ["PB-36"],
    "Quetta": ["PB-39", "PB-40", "PB-41", "PB-42"]
  }
}
